sample_id,computed_gender,chrom,beg_GRCh37,end_GRCh37,length,p_arm,q_arm,n_sites,n_hets,n50_hets,bdev,bdev_se,rel_cov,rel_cov_se,lod_lrr_baf,lod_baf_phase,n_flips,baf_conc,lod_baf_conc,type,cf,manual_review
BEMA,F,3,0,198022430,198022430,Y,Y,51682,0,165514,nan,nan,1.2684,0.0055,1285.93,nan,-1,nan,0,Loss,0.7316,y-merge-monosomy3
BEMA,F,5,81679759,155120001,73440242,N,Y,11249,1,51892,0.3618,nan,1.1674,0.0055,1447.95,-2,-1,nan,0,Loss,0.8326,y-merge-5q-
BEMA,F,7,0,159138663,159138663,Y,Y,66061,0,107488,nan,nan,1.3828,0.0055,844.91,nan,-1,nan,0,Loss,0.6172,y-merged-monosomy7
BEMA,F,15,20000000,30142373,10142373,N,Y,1838,0,14518,nan,nan,1.2544,0.008,1188.66,nan,-1,nan,0,Loss,0.7456,y
BEMA,F,16,8351933,35285582,26933649,Y,N,5726,1,9912,0.2618,nan,1.3745,0.0032,2448.58,2,-1,nan,0,Loss,0.6255,y
BEMA,F,16,59044591,88165210,29120619,N,Y,8690,0,22348,nan,nan,1.1376,0.0065,1129.78,nan,-1,nan,0,Loss,0.8624,y-merge
BEMA,F,17,0,18924345,18924345,Y,N,4925,0,7123,nan,nan,1.3823,0.0041,2019.59,nan,-1,nan,0,Loss,0.6177,y
BEMA,F,X,0,155270560,155270560,Y,Y,16868,0,142125,nan,nan,1.3181,0.0041,1858.54,nan,-1,nan,0,Loss,0.6819,y-merge monosomyX
BS4802_003_037,M,3,10142452,15055905,18691613,Y,N,1773,437,10234,0.0649,0.0097,1.7751,0.0111,185.32,191.18,1,0.9583,25.66,Loss,0.2298,y-merged
BS4802_003_037,M,5,49470083,180915260,131445177,N,Y,22527,5813,141435,0.0802,nan,1.6647,0.0115,247.94,236.64,-1,0.96,27.01,Loss,0.2764,"merged, 5q-"
BS4802_003_037,M,7,88233444,128557406,40323962,N,Y,11309,2023,38434,0.0722,nan,1.7022,0.0354,59.25,58.84,-1,1,8.64,Loss,0.2522,convincing
BS4802_003_037,M,12,0,29485449,29485449,Y,N,8713,2576,6572,0.0635,0.0018,1.7064,0.0057,2757.25,3504.65,23,0.9763,616.37,Loss,0.2254,looks real
BS4802_003_037,M,12,43188454,43394267,205813,N,Y,57,8,7752,0.071,0.0324,1.7662,0.0297,15.6,15.3,0,1,2.02,Loss,0.2487,
BS4802_003_037,M,12,77077391,129680945,52603554,N,Y,13033,3835,7664,0.0107,0.0005,1.9739,0.0039,3.2,83.13,14,0.5658,8.09,Loss,0.232,
BS4802_003_037,M,13,20507957,24489605,3981648,N,Y,1419,438,5677,0.0707,nan,1.7516,0.0072,637.02,624.12,-1,0.9213,73.59,Loss,0.2478,looks real
BS4802_003_037,M,13,31734601,50002042,18267441,N,Y,4979,1201,7064,0.0687,0.003,1.7417,0.008,1907.94,1968.25,8,0.9783,291.51,Loss,0.2415,looks real
BS4802_003_037,M,13,51685789,53028710,1342921,N,Y,276,51,10588,0.0651,0.0114,1.7849,0.015,67.62,73.83,0,0.96,10.8,Loss,0.2303,looks real
BS4802_003_037,M,17,2739061,3528614,789553,Y,N,218,42,8460,0.0818,nan,1.7816,0.0159,80.56,71.04,-1,0.9268,7.22,Loss,0.2812,merged
BS4802_003_037,M,17,4066223,8941209,4874986,Y,N,1352,312,6574,0.0765,nan,1.7967,0.0069,556.64,529.36,-1,0.932,56.21,Loss,0.2654,not merged
BS4802_003_037,M,17,25532171,35694047,10161876,N,Y,2218,637,9501,0.0683,0.0045,1.7595,0.0052,1096.87,1122.1,4,0.9874,164.69,Loss,0.2404,not merged
BS4802_003_037,M,17,47645719,48932828,1287109,N,Y,382,123,5967,0.0724,0.0101,1.7658,0.013,218.84,225.9,0,1,35.13,Loss,0.2531,not merged
BS4802_003_037,M,17,54906137,81195210,26289073,N,Y,6663,1809,7259,0.0762,nan,1.7424,0.0032,3191.79,3163.79,-1,0.9684,411.64,Loss,0.2646,this & 2 events below look distinct
BS4802_003_037,M,18,42135254,43104717,969463,N,Y,280,84,5534,0.0724,0.011,1.7463,0.0146,131.36,141.95,0,1,23.61,Loss,0.2529,y
BS4802_003_037,M,18,63545342,78077248,14531906,N,Y,4639,1185,5830,0.0672,0.0029,1.7433,0.0084,1782.96,1856.8,21,0.9721,275.54,Loss,0.2368,y
BS4802_003_037,M,21,14288129,17934419,3646290,N,Y,760,183,10516,0.0654,nan,2.4566,0.0146,272.69,260.48,-1,0.9505,37.08,Gain,0.3011,y merged
BS4802_003_037,M,21,19154417,20402382,1247965,N,Y,357,84,6512,0.0649,0.0106,2.491,0.0208,124.26,128.68,0,0.9759,19.86,Gain,0.2984,y
BS4802_003_037,M,21,22492431,23312094,819663,N,Y,237,50,6371,0.053,nan,1.5532,0.0166,97.95,93.73,-1,1,14.11,Loss,0.1917,y
CELI,F,7,48445174,58019061,9573887,Y,N,1692,172,20060,0.022,0.0029,1.9685,0.011,3.76,15.96,2,0.6129,1.55,Loss,0.3333,y
CELI,F,7,89733857,102113909,12380052,N,Y,2761,800,9358,0.0711,nan,2.5017,0.0074,1465.69,1299.1,-1,0.9823,203.64,Gain,0.3314,y
CELI,F,7,113291922,133261817,19969895,N,Y,2173,2,23267,0.3618,nan,1.0612,0.0086,801.72,-2,-1,nan,0,Loss,0.716,y
CELI,F,8,0,146364022,146364022,Y,Y,34986,8958,8404,0.074,nan,2.5761,0.0025,19932.91,16196,-1,0.9859,2355.25,Gain,0.3473,y
CELI,F,9,131419422,141213431,9794009,N,Y,2844,0,6435,nan,nan,1.2685,0.0055,1482.8,nan,-1,nan,0,Loss,0.7315,y
CELI,F,11,0,6324964,6324964,Y,N,2111,0,5944,nan,nan,1.2022,0.0083,1374.73,nan,-1,nan,0,Loss,0.7978,y
CELI,F,11,35435433,50697498,15262065,Y,N,3309,803,9170,0.0755,nan,2.4202,0.0065,1561.43,1404.88,-1,0.9963,228.46,Gain,0.3557,y
CELI,F,11,83437714,89127087,5689373,N,Y,1346,45,8076,0.0507,nan,3.603,0.0257,1191.81,78.89,-1,0.9773,10.96,Gain,0.2255,y
CELI,F,11,91080353,95656385,4576032,N,Y,1122,350,7949,0.0713,nan,2.4259,0.0112,611.63,577.15,-1,0.9799,88.44,Gain,0.3325,y
CELI,F,11,98869223,104440171,5570948,N,Y,1448,162,7414,0.0724,nan,3.0302,0.0173,869.04,302.24,-1,0.9627,36.57,Gain,0.3388,y
CELI,F,11,105751726,107803708,2051982,N,Y,462,125,7818,0.072,nan,2.3486,0.0171,214.83,207.69,-1,1,36.69,Gain,0.3363,y
CELI,F,11,112738501,115162376,2423875,N,Y,713,227,6351,0.0736,nan,2.3666,0.0127,385,372.02,-1,0.9956,64.09,Gain,0.3452,y
CELI,F,11,128693243,135006516,6313273,N,Y,2116,0,5130,nan,nan,1.1687,0.006,1483.8,nan,-1,nan,0,Loss,0.8313,y
CELI,F,13,19000000,41656159,22656159,N,Y,6826,2285,6246,0.0413,0.0011,1.8922,0.0029,655.69,1022.53,18,0.8689,290.25,Loss,0.1526,y
CELI,F,13,44461618,56287841,11826223,N,Y,2795,815,8251,0.0406,0.0019,1.8913,0.005,236.9,362.37,3,0.8744,106.96,Loss,0.1502,y
CELI,F,17,0,8350054,8350054,Y,N,2247,3,6943,0.0687,nan,1.3358,0.0065,918.67,2.76,-1,0.5,0,Loss,0.6642,y
CHTO,F,7,0,159138663,159138663,Y,Y,33350,0,98111,nan,nan,1.3243,0.0076,995.31,nan,-1,nan,0,Loss,0.7462,y-merged-monosomy7
DT5210_003_025,M,5,49470083,180915260,131445177,N,Y,23775,11,19941,nan,nan,1.2769,0.0065,667.73,nan,-1,nan,0,Loss,0.7231,y-merged
DT5210_003_025,M,17,0,20157957,20157957,Y,N,5111,3,7454,0.3618,nan,1.408,0.0053,1115.47,6,-1,0.5,0,Loss,0.592,y
GUMI,F,5,107742569,180915260,73172691,N,Y,13727,1,10527,0.083,nan,1.4071,0.0027,1510.67,1.86,-1,nan,0,Loss,0.5929,y-5q-
GUMI,F,7,0,159138663,159138663,Y,Y,34781,14,9171,0.0352,nan,1.3633,0.0018,4605.78,17.28,-1,0.4615,0.02,Loss,0.1315,y
GUMI,F,12,0,1987245,1987245,Y,N,476,112,6689,0.0637,nan,2.4478,0.0174,192.09,178.87,-1,0.9459,22.94,Gain,0.2919,y
GUMI,F,12,5775875,20961322,15185447,Y,N,4057,115,7120,0.0564,0.0077,2.3691,0.0731,147.65,150.88,3,0.9386,22.55,Gain,0.2545,y
GUMI,F,12,9056410,20640164,11583754,Y,N,3084,2,7023,0.3618,nan,1.3477,0.0048,440.72,4,-1,1,0.3,Loss,0.6523,y
GUMI,F,12,20970247,27827545,6857298,Y,N,2369,305,6132,0.0333,0.0025,2.171,0.0093,59.35,101.31,4,0.8212,28.66,Gain,0.1427,y
GUMI,F,12,29617550,29677146,59596,Y,N,50,19,2713,0.0676,0.0331,1.6912,0.0343,36.89,34.98,1,0.9444,3.69,Loss,0.2381,y
GUMI,F,12,29682225,30786098,1103873,Y,N,360,117,6099,0.0541,0.0073,2.32,0.0157,117.13,133.85,0,0.9304,21.67,Gain,0.2428,y
GUMI,F,21,19538007,20856704,1318697,N,Y,344,73,7081,0.079,nan,1.6958,0.0124,151.59,139.91,-1,0.9583,16.03,Loss,0.2729,y
GUMI,F,21,24965577,26080959,1115382,N,Y,295,84,6220,0.0585,nan,1.6884,0.0178,169.91,153.76,-1,0.9398,16.53,Loss,0.2095,y
GUMI,F,21,30953343,31366120,412777,N,Y,125,25,5610,0.077,nan,1.7264,0.0198,51.76,47.86,-1,0.9583,5.34,Loss,0.2669,y
GUMI,F,21,36335405,42698907,6363502,N,Y,1682,462,6841,0.0649,nan,2.4602,0.0092,827.09,788.58,-1,0.9629,104.86,Gain,0.2986,y
GUMI,F,21,43129407,46834814,3705407,N,Y,1146,348,6768,0.0573,0.0043,2.206,0.0079,402.52,440.79,8,0.9477,71.83,Gain,0.259,y
JB4211_GST010_003_008,F,1,160033502,176051131,16017629,N,Y,4390,0,7666,nan,nan,1.24,0.0033,2957.66,nan,-1,nan,0,Loss,0.76,y
JB4211_GST010_003_008,F,4,0,10388610,10388610,Y,N,2614,2,7766,0.082,nan,1.3347,0.0054,1233.93,3.93,-1,nan,0,Loss,0.6653,y-not merged as multiple clonal/subclonal losses
JB4211_GST010_003_008,F,4,10404512,27496410,17091898,Y,N,4156,1,7850,0.3618,nan,1.2541,0.0031,2622.9,2,-1,nan,0,Loss,0.7459,y-not merged as multiple clonal/subclonal losses
JB4211_GST010_003_008,F,4,27509127,36398436,8889309,Y,N,1546,0,10919,nan,nan,1.157,0.0081,1327.43,nan,-1,nan,0,Loss,0.843,y-not merged as multiple clonal/subclonal losses
JB4211_GST010_003_008,F,4,36403061,42665092,6262031,Y,N,1651,0,7053,nan,nan,1.2369,0.0051,1102.86,nan,-1,nan,0,Loss,0.7631,y-not merged as multiple clonal/subclonal losses
JB4211_GST010_003_008,F,4,73527617,81801291,8273674,N,Y,1584,405,10311,0.0622,nan,2.6264,0.0125,906.39,687.55,-1,0.9777,101.6,Gain,0.2843,y-not merged as multiple clonal/subclonal losses
JB4211_GST010_003_008,F,4,94799694,95472630,672936,N,Y,109,8,10404,0.0919,nan,2.4707,0.0506,27.09,16,-1,1,2.09,Gain,0.4506,y-not merged as multiple clonal/subclonal losses
JB4211_GST010_003_008,F,4,147591367,155129517,7538150,N,Y,1275,326,11217,0.0631,nan,2.5705,0.0136,692.07,515.84,-1,0.9414,65.39,Gain,0.289,y-not merged-aso loss event at end of chrom
JB4211_GST010_003_008,F,5,32380664,65539847,33159183,Y,Y,5802,1,11782,0.3618,nan,1.2365,0.0029,3860.54,-2,-1,nan,0,Loss,0.7635,y-not merged
JB4211_GST010_003_008,F,5,90147936,176885499,86737563,N,Y,15390,1,11138,0.1618,nan,1.3038,0.0018,8137.44,2,-1,nan,0,Loss,0.6962,y
JB4211_GST010_003_008,F,7,0,159138663,159138663,Y,Y,34771,5,9175,0.1618,nan,1.2708,0.0012,20751,-6,-1,0.5,0,Loss,0.489,y-merged-monosomy7
JB4211_GST010_003_008,F,12,3384986,10053457,6668471,Y,N,2053,274,6385,0.0613,nan,2.7919,0.0128,1121.72,487.21,-1,0.956,60.16,Gain,0.2794,y-not merged
JB4211_GST010_003_008,F,12,12941884,34819926,21878042,Y,N,6328,0,6929,nan,nan,1.214,0.0026,4468.88,nan,-1,nan,0,Loss,0.786,y-not merged
JB4211_GST010_003_008,F,12,88108462,94603994,6495532,N,Y,1412,0,8025,nan,nan,1.2043,0.0053,1033.29,nan,-1,nan,0,Loss,0.7957,y-not merged
JB4211_GST010_003_008,F,13,46708291,52023533,5315242,N,Y,1326,0,7871,nan,nan,1.2439,0.0059,861.75,nan,-1,nan,0,Loss,0.7561,y
JB4211_GST010_003_008,F,16,53283668,90354753,37071085,N,Y,11486,2,6484,0.074,nan,1.2954,0.002,6356.12,3.52,-1,0,0.3,Loss,0.7046,y
JB4211_GST010_003_008,F,17,7462555,12641332,5178777,Y,N,1446,0,6363,nan,nan,1.3249,0.0053,732.82,nan,-1,nan,0,Loss,0.6751,y
JB4211_GST010_003_008,F,17,12732925,18278517,5545592,Y,N,1434,237,7128,0.0646,nan,2.9502,0.0184,969.6,394.7,-1,0.8983,36.86,Gain,0.2966,y
JB4211_GST010_003_008,F,18,18561020,52220942,33659922,N,Y,8084,0,15516,nan,nan,1.2278,0.006,1473.91,nan,-1,nan,0,Loss,0.7722,y-merged
JB4211_GST010_003_008,F,20,0,26293985,26293985,Y,N,8178,0,11911,nan,nan,1.2583,0.0034,2999.54,nan,-1,nan,0,Loss,0.7417,y-merged
JB4211_GST010_003_008,F,20,30347832,52384747,22036915,N,Y,5562,0,7346,nan,nan,1.3174,0.0028,2831.57,nan,-1,nan,0,Loss,0.6826,y
JH4406,M,20,32709444,50511273,17801829,N,Y,4552,0,7316,nan,nan,1.3199,0.0037,2109.12,nan,-1,nan,0,Loss,0.6801,y
JS3810,M,1,0,249250621,249250621,Y,N,60263,12949,36605,0.0742,nan,2.4442,0.0043,5855.35,5314.38,-1,0.9659,666.05,Gain,0.3487,y-merged+1
JS3810,M,3,0,80273944,80273944,Y,N,22687,4880,75087,0.0741,nan,1.6485,0.0181,769.72,665.13,-1,0.9575,75.36,Loss,0.2581,y-merged -3p
JS3810,M,5,33493797,34058555,564758,Y,N,201,34,4779,0.072,nan,1.5631,0.0163,80.27,63.48,-1,0.9375,6.04,Loss,0.2517,y-quite sparse probes at this point
JS3810,M,5,44777878,46399093,1621215,Y,N,87,20,29764,0.0525,nan,1.6163,0.0394,34.18,32.34,-1,1,5.49,Loss,0.19,"y-pericentromere, consider merging with above segment - probes quite sparse but looks real and no noise here in other cases"
JS3810,M,5,55918201,75207783,19289582,N,Y,3495,641,10694,0.0671,nan,1.5255,0.0042,1440.83,1198.15,-1,0.9793,154.48,Loss,0.2367,y-not merged
JS3810,M,5,91851425,180915260,89063835,N,Y,15951,2271,10994,0.0694,nan,1.6243,0.0019,5196.32,4262.38,-1,0.9658,499.18,Loss,0.2439,y-not merged
JS3810,M,8,68589259,72904930,4315671,N,Y,1159,320,7478,0.0617,0.0049,1.7346,0.0068,454.31,470.39,3,0.9653,71.07,Loss,0.2196,y
JS3810,M,11,0,47583121,47583121,Y,N,13698,4111,6944,0.0563,0.0011,1.8135,0.0026,3712.86,4345.57,48,0.9536,853.63,Loss,0.2023,y
JS3810,M,11,47648042,135006516,87358474,Y,Y,20200,5525,8400,0.0449,0.0008,2.1827,0.0034,2353.84,3347.3,65,0.9236,950.54,Gain,0.1974,y
JS3810,M,12,0,2323621,2323621,Y,N,6567,223,13802,0.0608,0.0085,1.8034,0.0099,173.15,183.25,1,0.9918,32.74,Loss,0.2167,y-not merged
JS3810,M,12,7820551,30282870,8548034,Y,N,2227,100,7343,0.0633,0.0088,1.7383,0.0126,141.86,145.16,3,0.9697,22.83,Loss,0.2247,y-merge
JS3810,M,12,7985318,14981667,6996349,Y,N,1855,493,7101,0.0661,nan,1.7033,0.0139,702.44,701.33,-1,0.9633,108.72,Loss,0.2335,y-not merged
JS3810,M,12,17697444,18408596,711152,Y,N,141,39,8262,0.0593,nan,1.7531,0.0233,54.36,52.7,-1,0.8947,5.52,Loss,0.2121,y-not merged
JS3810,M,12,26039506,26446733,407227,Y,N,150,40,4951,0.069,nan,1.6847,0.1269,69.07,66.61,-1,1,11.26,Loss,0.2167,y-not merged
JS3810,M,12,62631257,70286926,7655669,N,Y,1174,384,30691,0.059,0.0182,1.6882,0.0379,18.23,17.98,0,1,2.89,Loss,0.211,y-merge
JS3810,M,12,115980907,116350954,370047,N,Y,201,66,3675,0.067,0.0111,1.7386,0.0133,106.38,109.14,1,0.9846,16.55,Loss,0.2363,y-not merged
JS3810,M,16,2873313,4632954,1759641,Y,N,451,148,6969,0.0651,0.0072,1.8566,0.011,185.73,233.74,0,0.9864,37.91,Loss,0.2305,y-not merged
JS3810,M,16,30666367,31817561,1151194,Y,N,247,98,8725,0.0664,0.0097,1.8212,0.0155,149.21,161.99,0,1,28.01,Loss,0.2345,y-not merged
JS3810,M,16,74060285,75019070,958785,N,Y,197,59,9130,0.0663,0.0122,1.7961,0.0155,90.72,96.8,0,1,16.75,Loss,0.234,y-not merged
JS3810,M,16,84245226,85712105,1466879,N,Y,737,224,3660,0.065,0.006,1.8017,0.0082,265.93,335.78,3,0.9596,48.25,Loss,0.2302,y-not merged
JS3810,M,18,43562102,46608260,3046158,N,Y,475,152,12486,0.0758,nan,2.446,0.0249,132.39,123.88,-1,0.9841,15.99,Gain,0.3575,y-merged
JS3810,M,18,54265130,78077248,23812118,N,Y,7306,2216,6101,0.0593,0.0017,1.8285,0.0061,2468.11,2794.68,21,0.9669,499.09,Loss,0.2121,y
JS3810,M,X,1673714,155270560,153596846,Y,Y,16827,56,18344,0.0639,nan,2.3948,0.0229,80.04,72.7,-1,0.8889,7.56,Gain,0.2929,y
LAJA,F,1,145103644,249250621,61560763,N,Y,24955,6842,16037,0.0532,0.0011,2.3714,0.005,3227.28,3511.42,54,0.941,751.92,Gain,0.2776,y-merge
LAJA,F,3,143689222,198022430,54333208,N,Y,11174,3336,8890,0.0486,0.0011,2.1694,0.0026,1802.35,2394.38,47,0.9316,633.69,Gain,0.2152,y
LAJA,F,3,181208850,182080081,871231,N,Y,121,53,13861,0.0568,nan,2.1688,0.0207,40.76,35.98,-1,0.8235,4.96,Gain,0.2561,y-note same event as below - not merged as subclonal (ie total ~50% gain at this site)
LAJA,F,6,0,25903308,25903308,Y,N,7861,1265,6083,0.0691,nan,1.5965,0.0042,2918.06,2357.34,-1,0.9502,269.46,Loss,0.2429,y
LAJA,F,6,25948421,27483260,1534839,Y,N,690,68,4021,0.0646,nan,1.5737,0.0091,177.94,132.6,-1,1,20.03,Loss,0.229,y
LAJA,F,7,100931873,101921289,989416,N,Y,186,36,9540,0.1,nan,1.6908,0.0161,78.89,70,-1,0.9714,8.5,Loss,0.3333,y
LAJA,F,9,0,38478011,38478011,Y,N,9360,100,7993,0.0424,0.0052,2.1462,0.003,92.4,45.66,4,0.8247,9.52,CN-LOH,0.1855,note-reclassified based on immage
LAJA,F,9,77332549,77860670,528121,N,Y,147,41,7697,0.0336,0.0062,1.9228,0.017,4.77,13.13,0,0.8,3.3,Loss,0.126,y-note sparse at this point
LAJA,F,9,91771642,94842715,3071073,N,Y,797,158,7129,0.0787,nan,1.5652,0.0233,366.11,311.09,-1,0.9873,42.3,Loss,0.272,y
LAJA,F,20,0,3346954,3346954,Y,N,1222,231,5147,0.0784,nan,1.6421,0.007,512.92,429.44,-1,0.9345,44.48,Loss,0.2712,y
LEGE,M,1,156670545,249250621,249250620,N,Y,22943,5,32338,0.2618,nan,1.2547,0.0027,4885.01,2,-1,nan,0,Loss,0.8576,y-merged
LEGE,M,5,130685868,180915260,50229392,N,Y,10151,1,9570,0.3618,nan,1.3337,0.0023,5076.93,2,-1,nan,0,Loss,0.6663,y-51-
LEGE,U,11,67435569,135006516,67570947,N,Y,17070,4211,7466,0.0666,nan,2.5147,0.0033,9201.42,7267.88,-1,0.9736,1028.77,Gain,0.3075,y
LEGE,M,17,0,30704849,30704849,Y,Y,6162,1,10047,0.2618,nan,1.3438,0.003,3061.14,2,-1,nan,0,Loss,0.6562,y
LEGE,M,18,0,78077248,78077248,Y,Y,30572,5271,21075,0.069,nan,1.672,0.0034,2399.23,2066.69,-1,0.9575,255.22,Loss,0.2427,y-merge
LEGE,M,X,0,155270560,155270560,Y,Y,16816,2,78701,nan,nan,1.245,0.0025,5529.76,nan,-1,nan,0,Loss,0.8414,y-cross-ref with DNACopy- looks like loss of Y rather than loss of X
LEJA,F,1,178659410,178752762,93352,N,Y,27,14,7053,0.0566,0.0265,1.7009,0.0497,19.4,19.94,0,1,3.59,Loss,0.2032,no png
LEJA,F,3,162675520,198022430,35346910,N,Y,7375,2149,8719,0.0238,0.0008,2.0563,0.0027,96.27,271.19,26,0.726,73.62,Gain,0.1,no png
LEJA,F,7,0,159138663,159138663,Y,Y,42039,19367,309465,0.0679,nan,1.8323,0.0125,201.21,196.52,-1,0.95,26.94,Loss,0.2392,y-merged
LEJA,F,9,130755881,139403770,8647889,N,Y,3305,737,18474,0.0664,0.0042,1.8185,0.0045,911.98,888.38,8,0.9683,123.04,Loss,0.2346,no png
LEJA,F,10,47049547,47703869,654322,N,Y,45,22,433964,0.0634,nan,2.4701,0.0445,41.22,32.48,-1,0.8571,2.21,Gain,0.2904,no png
LEJA,F,11,0,95502310,95502310,Y,Y,23271,6252,16476,0.0489,0.0009,1.8176,0.0017,2693.54,3050.39,50,0.9215,699.09,Loss,0.1782,y-merged
LEJA,F,11,95503636,135006516,39502880,N,Y,10424,2472,17036,0.0772,nan,2.2755,0.0032,4744.2,4217.35,-1,0.9718,488.1,Gain,0.3651,y-merged
LEJA,F,16,0,8048084,8048084,Y,N,#REF!,#REF!,#REF!,0.0629,nan,1.7764,0.0222,30.48,27.26,-1,1,4.14,Loss,0.2236,y-merged
LEJA,F,16,16290330,18157612,1867282,Y,N,335,123,11071,0.071,nan,1.807,0.0109,186.13,177.23,-1,0.9262,20.19,Loss,0.2486,y
LEJA,F,17,0,19217261,19217261,Y,N,4938,1289,7246,0.0636,0.0025,1.893,0.0032,1550.55,1688.06,45,0.9464,241.99,CN-LOH,0.1272,y
LEJA,F,17,3336162,3881130,544968,Y,N,165,60,6196,0.0676,nan,1.9175,0.0169,67.45,67.32,-1,0.8814,7.31,CN-LOH,0.1351,y
LEJA,F,17,10016398,10531250,514852,Y,N,156,47,5932,0.0711,nan,1.906,0.0187,66.59,66.47,-1,0.8913,6.09,CN-LOH,0.1421,y
LEJA,F,17,19281828,21920400,2638572,Y,N,318,74,19668,0.0256,0.0043,2.2036,0.0139,11.63,10.8,1,0.7826,4.13,Gain,0.1079,y
LEJA,F,17,25446389,81195210,55748821,N,Y,12959,3203,25261,0.0684,0.0029,1.8185,0.0031,1882.67,1891.26,12,0.9746,266.83,Loss,0.2405,y
LEJA,F,18,0,78077248,78077248,Y,Y,20573,6209,7281,0.0417,0.0007,1.7833,0.0015,2763.16,2900.44,91,0.8685,696.76,Loss,0.1539,y
LEJA,F,19,0,2953087,2953087,Y,N,740,141,6601,0.0664,0.0079,1.7925,0.0088,227.08,187.22,12,0.8696,15.81,Loss,0.2344,y
LEJA,F,19,582505,1039444,456939,Y,N,142,58,5967,0.069,nan,1.7789,0.0205,91.04,87.84,-1,0.9123,8.63,Loss,0.2426,y
LEJA,F,19,3058021,8586086,5528065,Y,N,1479,437,6567,0.0643,nan,2.2077,0.0101,556.6,551.98,-1,0.9378,77.27,Gain,0.2953,y
LEJA,F,21,37101040,48129895,11028855,N,Y,3074,806,6837,0.0349,0.0017,2.1478,0.0045,177.44,240.3,15,0.8224,65.16,Gain,0.1501,y
LERO,M,5,55364571,180915260,125550689,N,Y,22680,5918,25169,0.0751,nan,1.7074,0.0022,10894.07,10000.83,-1,0.9671,1152.45,Loss,0.2613,y-merge
LERO,M,13,19755612,115169878,95414266,N,Y,26179,7347,7008,0.0254,0.0005,2.0899,0.002,366.92,1039.84,69,0.7369,253.11,Gain,0.1069,no png
LERO,M,21,37637805,48129895,10492090,N,Y,2943,794,6727,0.0674,nan,2.3003,0.0064,1064.51,1027.51,-1,0.9444,140.41,Gain,0.3118,no png
MC4407,M,1,41021976,46875067,5853091,Y,N,1221,19,10009,0.091,nan,3.293,0.0238,556.18,31.98,-1,0.8333,1.71,Gain,0.445,y
MC4407,M,4,1807894,191154276,189346382,Y,Y,37528,6844,9585,0.0733,nan,1.5982,0.0018,16163.75,12729.77,-1,0.9732,1588.24,Loss,0.2558,y
MC4407,M,7,0,8790549,8790549,Y,N,2206,28,7740,0.1,nan,1.4598,0.007,445.42,44,-1,0.7692,1.51,Loss,0.3333,y
MC4407,M,7,8794418,19716163,10921745,Y,N,3481,32,5909,0.0619,nan,1.368,0.0059,1044.47,35.52,-1,0.7097,1.02,Loss,0.2205,y
MC4407,M,7,27900596,44626377,16725781,Y,N,3546,1059,16807,0.0672,nan,2.4658,0.0064,1289.52,1221.29,-1,0.9642,208.05,Gain,0.3107,y-merge
MC4407,M,7,49217173,50350267,1133094,Y,N,209,49,9451,0.0663,nan,1.6017,0.0227,102.14,89.07,-1,0.9583,10.14,Loss,0.2341,y
MC4407,M,7,72861782,159138663,86276881,N,Y,17954,5026,9637,0.0327,0.0006,2.1602,0.0025,692.66,1252.3,56,0.7991,364.21,Gain,0.14,y
MC4407,M,9,0,2062014,2062014,Y,N,638,144,10971,0.0596,nan,1.734,0.0147,200.86,169.89,-1,0.9118,16.16,Loss,0.2131,y
MC4407,M,9,12581270,25218359,12637089,Y,N,2812,508,8868,0.0694,nan,1.589,0.0064,1164.33,886.06,-1,0.9527,103.38,Loss,0.2437,y
MC4407,M,9,30988320,34839291,3850971,Y,N,677,186,21896,0.0628,nan,2.4039,0.0203,120.33,118.6,-1,0.9118,16.16,Gain,0.2872,y
MC4407,M,9,34843372,35650458,807086,Y,N,109,22,16741,0.0726,nan,2.286,0.0342,32.02,30.48,-1,0.9524,4.27,Gain,0.3399,y
MC4407,M,9,35659591,44887313,9227722,Y,N,803,188,6006382,0.0742,nan,1.7102,0.0107,400.96,360.28,-1,0.9733,43.48,Loss,0.2585,y
MC4407,M,9,71033538,141213431,70179893,N,Y,18417,5,7334,0.0419,nan,1.2721,0.0024,7575.76,6.57,-1,0.5,0,Loss,0.1545,y
MC4407,M,15,44959132,102531392,57572260,N,Y,15091,4619,7629,0.0614,0.0012,2.2607,0.0027,4672.42,5195.99,61,0.9646,1011.81,Gain,0.2798,y
MC4407,M,16,0,88664312,88664312,Y,Y,21088,4642,9003,0.0775,nan,1.6351,0.0022,10326.77,8698.38,-1,0.9715,1065.43,Loss,0.6173,y
MC4407,M,17,26241477,45730899,19489422,N,Y,3216,332,31786,0.0674,nan,1.6309,0.0138,276.24,222.87,-1,0.9913,30.33,Loss,0.2376,y-merged
MC4407,M,17,50321172,81195210,30874038,N,Y,7766,1,14419,nan,nan,1.3935,0.0052,1263.67,nan,-1,nan,0,Loss,0.6065,y
MC4407,M,18,0,8900317,8900317,Y,N,3005,776,5503,0.0746,nan,1.5905,0.0061,1629.62,1344.92,-1,0.9444,149.97,Loss,0.2596,y
MC4407,M,21,20371429,26621921,6250492,N,Y,1582,2,7030,0.0559,nan,1.0482,0.0077,1211.34,2.48,-1,1,0.29,Loss,0.9518,y
MC4407,M,21,37508643,48129895,10621252,N,Y,2979,270,6769,0.0718,nan,2.9026,0.0109,1226.23,469.73,-1,0.9135,42.6,Gain,0.3355,y
NOCH,F,3,22623495,80091406,57467911,Y,N,13842,2,18134,0.079,nan,1.1808,0.0024,13292.85,3.76,-1,1,0.3,Loss,0.8192,y-merge
NOCH,F,5,85888681,159880356,73991675,N,Y,12189,4,23497,0.0416,nan,1.1537,0.0031,7283.66,2.28,-1,1,0.3,Loss,0.8463,y-merge
NOCH,F,12,7281613,34819926,27538313,Y,N,7708,1,21321,0.3618,nan,1.185,0.0053,2450.05,-2,-1,nan,0,Loss,0.815,y-merge
NOCH,F,15,75234610,83680287,8445677,N,Y,1688,0,9958,nan,nan,1.2071,0.0066,1607.5,nan,-1,nan,0,Loss,0.7929,y
NOCH,F,17,18678548,39633680,20955132,Y,Y,3442,0,14155,nan,nan,1.2388,0.0052,3058.13,nan,-1,nan,0,Loss,0.7612,y
PM4908,F,3,33562114,52349412,18787298,Y,N,2228,458,51656,0.0717,nan,1.6696,0.0181,131.85,130.45,-1,0.9381,18.64,Loss,0.3242,y-merge
PM4908,F,4,101505168,143757682,42252514,N,Y,1126,253,11362,0.0733,nan,1.5815,0.0122,348.05,320.8,-1,0.9365,47.95,Loss,0.483,y-merge
PM4908,F,9,0,38675465,38675465,Y,N,9407,2594,8011,0.0561,0.0014,2.4291,0.0047,1480.41,1689.67,32,0.9053,405.66,Gain,0.253,y
PM4908,F,9,71083458,141213431,70129973,N,Y,14317,1649,38987,0.0815,nan,1.7053,0.0044,3327.86,3293.49,-1,0.9774,498.33,Loss,0.2802,y-merged
PM4908,F,10,2049668,12497747,10448079,Y,N,4080,762,4803,0.0707,0.0037,1.644,0.0082,987.73,1002.56,11,0.9512,157.67,Loss,0..54,y-merge
PM4908,F,13,19000000,35088178,16088178,N,Y,4978,981,12213,0.0808,nan,2.9268,0.0113,1128.08,859.65,-1,0.9653,117.81,Gain,0.3856,y-merge
PM4908,F,13,32175095,115169878,82994783,N,Y,22874,6489,30096,0.08,nan,1.5943,0.0136,252.11,224.27,-1,0.9379,30.89,Loss,0.2758,y
PM4908,F,17,0,7732957,7732957,Y,N,2075,590,7052,0.0735,0.0046,1.7494,0.0091,847.06,854.97,9,0.961,130.1,Loss,0.2562,y-merge
PM4908,F,21,15494781,48129895,32635114,N,Y,8627,2573,13789,0.0593,0.0019,2.3463,0.0064,1031.27,1202.79,23,0.9073,249.33,Gain,0.269,y-merge
REJE,M,5,53246614,180915260,127668646,N,Y,23134,3,10900,0.063,nan,1.309,0.0017,5825.35,2.77,-1,1,0.59,Loss,0.691,y
REJE,M,6,0,24481039,24481039,Y,N,7357,4,6145,0.057,nan,1.3063,0.0034,1882.19,4.2,-1,1,0.89,Loss,0.6937,y
REJE,M,6,24481299,27483260,3001961,Y,N,1219,81,4534,0.0624,nan,1.5206,0.0069,281.19,149.8,-1,0.9625,18.26,Loss,0.2218,y
REJE,M,6,34006958,44025699,10018741,Y,N,2769,19,7271,0.081,nan,1.4844,0.008,380.86,26,-1,0.7778,1.24,Loss,0.2788,y
REJE,M,6,44030011,56684719,12654708,Y,N,2951,4,8767,0.083,nan,1.3453,0.0043,638.73,7.82,-1,0.3333,0.08,Loss,0.6547,y
REJE,M,6,56702253,57205920,503667,Y,N,82,6,9920,0.1,nan,1.5555,0.0207,18.84,12,-1,1,1.49,Loss,0.3333,y
REJE,M,13,19000000,53752340,34752340,N,Y,9884,2,6673,0.0391,nan,1.2907,0.0038,2673.66,2.2,-1,1,0.3,Loss,0.7093,y
REJE,M,19,0,5909780,5909780,Y,N,1502,0,6659,nan,nan,1.4099,0.0065,267.04,nan,-1,nan,0,Loss,0.5901,y
RM4310_GST015_003_016,M,20,35729950,63025520,27295570,N,Y,8259,147,6048,0.0691,nan,1.488,0.0036,2197.5,199.21,-1,0.7671,9.16,Loss,0.2429,y
RM4310_GST015_003_016,M,21,15909251,17228150,1318899,N,Y,349,71,7081,0.0673,nan,1.6081,0.0134,166.66,125.33,-1,0.913,11.64,Loss,0.2372,iamp21
RM4310_GST015_003_016,M,21,18209270,19735401,1526131,N,Y,452,97,6912,0.0742,nan,1.5756,0.0129,232.06,174.32,-1,0.9158,16.29,Loss,0.2584,iamp21
RM4310_GST015_003_016,M,21,24006460,25713481,1707021,N,Y,434,62,7062,0.0754,nan,1.5702,0.0122,168.98,120.86,-1,1,18.06,Loss,0.2621,iamp21
RM4310_GST015_003_016,M,21,26706356,28775234,2068878,N,Y,594,126,6144,0.0721,nan,1.6036,0.0102,311.49,237.29,-1,0.9516,26.34,Loss,0.2521,iamp21
RM4310_GST015_003_016,M,21,28775601,37580807,8805206,N,Y,2253,390,7303,0.0723,nan,2.7097,0.0103,1165.62,704.32,-1,0.9613,87.46,Gain,0.3381,iamp21
RM4310_GST015_003_016,M,21,37606670,44519655,6912985,N,Y,2108,220,6083,0.0677,nan,3.0288,0.0135,1275.39,406.93,-1,0.9543,47.3,Gain,0.3133,iamp21
RM4310_GST015_003_016,M,22,17075353,29465677,12390324,N,Y,3274,180,15764,0.076,nan,1.4053,0.0084,588.86,47.15,-1,0.7576,1.91,Loss,0.321,y-merge
SAJU,F,19,0,4304498,4304498,Y,N,1075,16,6682,0.1,nan,1.5398,0.029,150.25,18,-1,0.5333,0.01,Loss,0.3333,y
SAJU,F,19,4310327,11270867,6960540,Y,N,1795,80,7215,0.0735,nan,3.1378,0.0179,738.46,135,-1,0.8861,11.39,Gain,0.3447,y
SAJU,F,19,18964442,20910795,1946353,Y,N,325,6,11971,0.1,nan,1.4887,0.015,51.03,12,-1,1,1.49,Loss,0.3333,y
SAJU,F,21,14288129,16922965,2634836,N,Y,479,151,14321,0.0513,0.0056,2.2119,0.0113,107.92,126.93,5,0.9267,27.59,Gain,0.2286,iamp21
SAJU,F,21,17146328,17828046,681718,N,Y,196,42,6400,0.0628,0.0172,2.4494,0.0225,78.65,71.15,1,0.9756,10.15,Gain,0.2875,iamp21
SAJU,F,21,25583058,31393087,5810029,N,Y,1469,3,7301,0.3618,nan,4.053,0.0305,1093.21,6,-1,1,0.59,Gain,1,iamp21
SAJU,F,21,36255821,42312399,6056578,N,Y,1608,69,6873,0.0617,nan,3.2812,0.0188,705.79,114.67,-1,0.8971,10.48,Gain,0.2816,iamp21
SAJU,F,21,42341594,48129895,5788301,N,Y,1704,53,6495,0.079,nan,1.5114,0.0064,302.68,79.16,-1,0.7647,3.17,Loss,0.2729,iamp21
SB5702,F,3,0,90428286,90428286,Y,N,22672,6896,7777,0.0553,0.0008,1.8677,0.0021,5019.06,6184.3,80,0.9396,1346.41,Loss,0.1992,y-loss3p
SB5702,F,3,128303373,169267796,40964423,N,Y,8116,2498,9602,0.0486,0.0012,2.1904,0.0071,1261.06,1588,45,0.9044,393.65,Gain,0.2154,y
SB5702,F,5,64851737,180915260,116063523,N,Y,20850,6190,11030,0.057,0.0009,1.9278,0.0018,4744.85,5935.83,103,0.9355,1156.08,CN-LOH,0.114,y
SB5702,F,7,0,159138663,159138663,Y,N,34758,11584,26369,0.0313,0.0006,1.939,0.0034,554.49,1179.04,44,0.7907,357.59,CN-LOH,0.1252,y-merged
SG5003_003_022,M,1,154465065,249250621,94785556,N,Y,23510,6193,7851,0.069,nan,2.4348,0.0025,11903.72,10285.01,-1,0.9753,1509.18,Gain,0.3203,y
SG5003_003_022,M,11,64941419,135006516,70065097,N,Y,17640,2687,7490,0.0717,0.0033,2.0113,0.0021,5048.5,5281.27,31,0.9862,705.13,CN-LOH,0.2,"y, merged"
SG5003_003_022,M,13,20689298,87066709,66377411,N,Y,17162,4614,7304,0.0292,0.0006,1.9004,0.0018,582.73,1032,42,0.7919,338.26,Loss,0.1102,y
SG5003_003_022,M,14,21150069,46309466,25159397,N,Y,6269,1905,7977,0.0286,0.0009,1.8977,0.0031,241.22,404.3,20,0.7672,115.47,Loss,0.1083,y
SG5003_003_022,M,17,0,17682484,17682484,Y,N,4724,1305,13724,0.0604,0.0028,2.0774,0.0087,935.16,1088.53,23,0.931,164.38,CN-LOH,0.1208,y
SG5003_003_022,M,17,34461454,35874936,1413482,N,Y,253,90,12320,0.0551,0.0069,2.239,0.0204,73.99,86.86,1,0.9888,23.8,Gain,0.2475,y
SS4005,F,5,49470083,180915260,131445177,N,Y,21075,1,31876,0.2,nan,1.3399,0.0062,942.79,2,-1,nan,0,Loss,0.6601,y-merge
SS4005,F,11,17101155,17878912,777757,Y,N,282,92,6913,0.0689,nan,2.4636,0.0221,191.67,164.53,-1,0.978,22.96,Gain,0.3196,y
SS4005,F,11,104032160,110215582,6183422,N,Y,1126,306,10582,0.0644,nan,2.5649,0.0108,681.72,510.24,-1,0.9672,71.85,Gain,0.2957,y
SS4005,F,11,128785123,134449758,5664635,N,Y,1908,105,5281,0.0811,nan,3.2083,0.0171,1759.75,167.7,-1,0.8558,12.45,Gain,0.3869,y
SS4005,F,17,0,22242355,22242355,Y,N,5289,7,7919,0.1,nan,1.4171,0.0037,2496.69,14,-1,0.5,0,Loss,0.3333,y
VO4409_003_018,M,9,71041878,141213431,70171553,N,Y,18413,5133,7341,0.0484,0.0009,1.8538,0.0024,1834.2,2638.71,54,0.8936,758.52,Loss,0.1766,y
VO4409_003_018,M,13,19459541,62617330,43157789,N,Y,11544,3494,13825,0.0338,0.0013,1.9044,0.004,139.72,305.96,16,0.7973,103.05,Loss,0.1917,y-merge
VO4409_003_018,M,19,4841151,59128983,54287832,Y,N,12533,3564,15946,0.0647,0.0027,2.1795,0.0083,926.66,1050.15,19,0.9384,193.37,Gain,0.2975,y