index,sample_id,computed_gender,chrom,start,end,size,p_arm,q_arm,n_sites,n_hets,n50_hets,n_flips,baf_conc,lod_baf_conc,type,cf
1,BEMA,F,17,0,18924345,18924345,T,N,4925,0,7123,-1,nan,0,Loss,0.6177
2,BS4802_003_037,M,17,2739061,3528614,789553,Y,N,218,42,8460,-1,0.9268,7.22,Loss,0.2812
2,BS4802_003_037,M,17,4066223,8941209,4874986,Y,N,1352,312,6574,-1,0.932,56.21,Loss,0.2654
2,BS4802_003_037,M,17,25532171,35694047,10161876,N,Y,2218,637,9501,4,0.9874,164.69,Loss,0.2404
2,BS4802_003_037,M,17,47645719,48932828,1287109,N,Y,382,123,5967,0,1,35.13,Loss,0.2531
2,BS4802_003_037,M,17,54906137,81195210,26289073,N,T,6663,1809,7259,-1,0.9684,411.64,Loss,0.2646
3,CELI,F,17,0,8350054,8350054,T,N,2247,3,6943,-1,0.5,0,Loss,0.6642
5,DT5210_003_025,M,17,0,20157957,20157957,T,N,5111,3,7454,-1,0.5,0,Loss,0.592
6,JB4211_GST010_003_008,F,17,7462555,12641332,5178777,Y,N,1446,0,6363,-1,nan,0,Loss,0.6751
6,JB4211_GST010_003_008,F,17,12732925,18278517,5545592,Y,N,1434,237,7128,-1,0.8983,36.86,Gain,0.2966
7,LEGE,M,17,0,30704849,30704849,T,Y,6162,1,10047,-1,nan,0,Loss,0.6562
8,LEJA,F,17,0,19217261,19217261,T,N,4938,1289,7246,45,0.9464,241.99,CN-LOH,0.1272
8,LEJA,F,17,3336162,3881130,544968,Y,N,165,60,6196,-1,0.8814,7.31,CN-LOH,0.1351
8,LEJA,F,17,10016398,10531250,514852,Y,N,156,47,5932,-1,0.8913,6.09,CN-LOH,0.1421
8,LEJA,F,17,19281828,21920400,2638572,Y,N,318,74,19668,1,0.7826,4.13,Gain,0.1079
8,LEJA,F,17,25446389,81195210,55748821,N,Y,12959,3203,25261,12,0.9746,266.83,Loss,0.2405
9,MC4407,M,17,26241477,45730899,19489422,N,Y,3216,332,31786,-1,0.9913,30.33,Loss,0.2376
9,MC4407,M,17,50321172,81195210,30874038,N,Y,7766,1,14419,-1,nan,0,Loss,0.6065
10,NOCH,F,17,18678548,39633680,20955132,Y,Y,3442,0,14155,-1,nan,0,Loss,0.7612
11,PM4908,F,17,0,7732957,7732957,T,N,2075,590,7052,9,0.961,130.1,Loss,0.2562
12,SG5003_003_022,M,17,0,17682484,17682484,T,N,4724,1305,13724,23,0.931,164.38,CN-LOH,0.1208
12,SG5003_003_022,M,17,34461454,35874936,1413482,N,Y,253,90,12320,1,0.9888,23.8,Gain,0.2475
13,SS4005,F,17,0,22242355,22242355,T,N,5289,7,7919,-1,0.5,0,Loss,0.3333